193.227.208.0/22,"ASN 13023"
2a0b:2bc0::/32,"ASN 13023"
2a0b:2bc1::/43,"ASN 13023"
2a0b:2bc1:20::/45,"ASN 13023"
2a0b:2bc1:28::/47,"ASN 13023"
2a0b:2bc1:2a::/48,"ASN 13023"
2a0b:2bc1:2c::/46,"ASN 13023"
2a0b:2bc1:30::/44,"ASN 13023"
2a0b:2bc1:40::/42,"ASN 13023"
2a0b:2bc1:80::/41,"ASN 13023"
2a0b:2bc1:100::/42,"ASN 13023"
2a0b:2bc1:140::/43,"ASN 13023"
2a0b:2bc1:160::/44,"ASN 13023"
2a0b:2bc1:170::/47,"ASN 13023"
2a0b:2bc1:172::/48,"ASN 13023"
2a0b:2bc1:174::/46,"ASN 13023"
2a0b:2bc1:178::/45,"ASN 13023"
2a0b:2bc1:180::/43,"ASN 13023"
2a0b:2bc1:1a0::/45,"ASN 13023"
2a0b:2bc1:1a8::/46,"ASN 13023"
2a0b:2bc1:1ac::/48,"ASN 13023"
2a0b:2bc1:1ae::/47,"ASN 13023"
2a0b:2bc1:1b0::/44,"ASN 13023"
2a0b:2bc1:1c0::/42,"ASN 13023"
2a0b:2bc1:200::/42,"ASN 13023"
2a0b:2bc1:240::/45,"ASN 13023"
2a0b:2bc1:248::/47,"ASN 13023"
2a0b:2bc1:24a::/48,"ASN 13023"
2a0b:2bc1:24c::/46,"ASN 13023"
2a0b:2bc1:250::/44,"ASN 13023"
2a0b:2bc1:260::/43,"ASN 13023"
2a0b:2bc1:280::/41,"ASN 13023"
2a0b:2bc1:300::/41,"ASN 13023"
2a0b:2bc1:380::/42,"ASN 13023"
2a0b:2bc1:3c0::/48,"ASN 13023"
2a0b:2bc1:3c2::/47,"ASN 13023"
2a0b:2bc1:3c4::/48,"ASN 13023"
2a0b:2bc1:3c6::/47,"ASN 13023"
2a0b:2bc1:3c8::/45,"ASN 13023"
2a0b:2bc1:3d0::/44,"ASN 13023"
2a0b:2bc1:3e0::/43,"ASN 13023"
2a0b:2bc1:400::/40,"ASN 13023"
2a0b:2bc1:500::/42,"ASN 13023"
2a0b:2bc1:540::/44,"ASN 13023"
2a0b:2bc1:550::/45,"ASN 13023"
2a0b:2bc1:558::/46,"ASN 13023"
2a0b:2bc1:55c::/47,"ASN 13023"
2a0b:2bc1:55e::/48,"ASN 13023"
2a0b:2bc1:560::/43,"ASN 13023"
2a0b:2bc1:580::/41,"ASN 13023"
2a0b:2bc1:600::/39,"ASN 13023"
2a0b:2bc1:800::/41,"ASN 13023"
2a0b:2bc1:880::/42,"ASN 13023"
2a0b:2bc1:8c0::/45,"ASN 13023"
2a0b:2bc1:8c8::/47,"ASN 13023"
2a0b:2bc1:8cb::/48,"ASN 13023"
2a0b:2bc1:8cc::/46,"ASN 13023"
2a0b:2bc1:8d0::/44,"ASN 13023"
2a0b:2bc1:8e0::/43,"ASN 13023"
2a0b:2bc1:900::/40,"ASN 13023"
2a0b:2bc1:a00::/42,"ASN 13023"
2a0b:2bc1:a40::/43,"ASN 13023"
2a0b:2bc1:a60::/47,"ASN 13023"
2a0b:2bc1:a63::/48,"ASN 13023"
2a0b:2bc1:a64::/46,"ASN 13023"
2a0b:2bc1:a68::/45,"ASN 13023"
2a0b:2bc1:a70::/45,"ASN 13023"
2a0b:2bc1:a78::/46,"ASN 13023"
2a0b:2bc1:a7d::/48,"ASN 13023"
2a0b:2bc1:a7e::/47,"ASN 13023"
2a0b:2bc1:a80::/42,"ASN 13023"
2a0b:2bc1:ac0::/43,"ASN 13023"
2a0b:2bc1:ae0::/46,"ASN 13023"
2a0b:2bc1:ae5::/48,"ASN 13023"
2a0b:2bc1:ae6::/47,"ASN 13023"
2a0b:2bc1:ae8::/45,"ASN 13023"
2a0b:2bc1:af0::/44,"ASN 13023"
2a0b:2bc1:b00::/41,"ASN 13023"
2a0b:2bc1:b80::/43,"ASN 13023"
2a0b:2bc1:ba0::/44,"ASN 13023"
2a0b:2bc1:bb1::/48,"ASN 13023"
2a0b:2bc1:bb2::/47,"ASN 13023"
2a0b:2bc1:bb4::/46,"ASN 13023"
2a0b:2bc1:bb8::/45,"ASN 13023"
2a0b:2bc1:bc0::/43,"ASN 13023"
2a0b:2bc1:be0::/47,"ASN 13023"
2a0b:2bc1:be3::/48,"ASN 13023"
2a0b:2bc1:be4::/46,"ASN 13023"
2a0b:2bc1:be8::/45,"ASN 13023"
2a0b:2bc1:bf0::/44,"ASN 13023"
2a0b:2bc1:c00::/41,"ASN 13023"
2a0b:2bc1:c80::/43,"ASN 13023"
2a0b:2bc1:ca0::/44,"ASN 13023"
2a0b:2bc1:cb0::/47,"ASN 13023"
2a0b:2bc1:cb3::/48,"ASN 13023"
2a0b:2bc1:cb4::/46,"ASN 13023"
2a0b:2bc1:cb8::/45,"ASN 13023"
2a0b:2bc1:cc0::/44,"ASN 13023"
2a0b:2bc1:cd0::/45,"ASN 13023"
2a0b:2bc1:cd8::/47,"ASN 13023"
2a0b:2bc1:cda::/48,"ASN 13023"
2a0b:2bc1:cdc::/46,"ASN 13023"
2a0b:2bc1:ce0::/43,"ASN 13023"
2a0b:2bc1:d00::/40,"ASN 13023"
2a0b:2bc1:e00::/43,"ASN 13023"
2a0b:2bc1:e20::/44,"ASN 13023"
2a0b:2bc1:e30::/47,"ASN 13023"
2a0b:2bc1:e32::/48,"ASN 13023"
2a0b:2bc1:e34::/46,"ASN 13023"
2a0b:2bc1:e38::/45,"ASN 13023"
2a0b:2bc1:e40::/43,"ASN 13023"
2a0b:2bc1:e60::/47,"ASN 13023"
2a0b:2bc1:e63::/48,"ASN 13023"
2a0b:2bc1:e64::/46,"ASN 13023"
2a0b:2bc1:e68::/45,"ASN 13023"
2a0b:2bc1:e70::/44,"ASN 13023"
2a0b:2bc1:e80::/42,"ASN 13023"
2a0b:2bc1:ec0::/44,"ASN 13023"
2a0b:2bc1:ed0::/46,"ASN 13023"
2a0b:2bc1:ed5::/48,"ASN 13023"
2a0b:2bc1:ed6::/47,"ASN 13023"
2a0b:2bc1:ed8::/45,"ASN 13023"
2a0b:2bc1:ee0::/43,"ASN 13023"
2a0b:2bc1:f00::/42,"ASN 13023"
2a0b:2bc1:f40::/43,"ASN 13023"
2a0b:2bc1:f60::/47,"ASN 13023"
2a0b:2bc1:f63::/48,"ASN 13023"
2a0b:2bc1:f64::/46,"ASN 13023"
2a0b:2bc1:f68::/45,"ASN 13023"
2a0b:2bc1:f70::/44,"ASN 13023"
2a0b:2bc1:f80::/42,"ASN 13023"
2a0b:2bc1:fc0::/43,"ASN 13023"
2a0b:2bc1:fe0::/44,"ASN 13023"
2a0b:2bc1:ff0::/45,"ASN 13023"
2a0b:2bc1:ff8::/46,"ASN 13023"
2a0b:2bc1:ffc::/48,"ASN 13023"
2a0b:2bc1:ffe::/47,"ASN 13023"
2a0b:2bc1:1000::/37,"ASN 13023"
2a0b:2bc1:1800::/43,"ASN 13023"
2a0b:2bc1:1820::/44,"ASN 13023"
2a0b:2bc1:1830::/45,"ASN 13023"
2a0b:2bc1:1838::/46,"ASN 13023"
2a0b:2bc1:183c::/48,"ASN 13023"
2a0b:2bc1:183e::/47,"ASN 13023"
2a0b:2bc1:1840::/42,"ASN 13023"
2a0b:2bc1:1880::/41,"ASN 13023"
2a0b:2bc1:1900::/40,"ASN 13023"
2a0b:2bc1:1a00::/39,"ASN 13023"
2a0b:2bc1:1c00::/38,"ASN 13023"
2a0b:2bc1:2000::/39,"ASN 13023"
2a0b:2bc1:2200::/43,"ASN 13023"
2a0b:2bc1:2220::/44,"ASN 13023"
2a0b:2bc1:2230::/45,"ASN 13023"
2a0b:2bc1:2238::/47,"ASN 13023"
2a0b:2bc1:223b::/48,"ASN 13023"
2a0b:2bc1:223c::/46,"ASN 13023"
2a0b:2bc1:2240::/42,"ASN 13023"
2a0b:2bc1:2280::/41,"ASN 13023"
2a0b:2bc1:2300::/40,"ASN 13023"
2a0b:2bc1:2400::/39,"ASN 13023"
2a0b:2bc1:2600::/40,"ASN 13023"
2a0b:2bc1:2700::/41,"ASN 13023"
2a0b:2bc1:2780::/42,"ASN 13023"
2a0b:2bc1:27c0::/43,"ASN 13023"
2a0b:2bc1:27e0::/44,"ASN 13023"
2a0b:2bc1:27f1::/48,"ASN 13023"
2a0b:2bc1:27f2::/47,"ASN 13023"
2a0b:2bc1:27f4::/46,"ASN 13023"
2a0b:2bc1:27f8::/45,"ASN 13023"
2a0b:2bc1:2800::/38,"ASN 13023"
2a0b:2bc1:2c00::/39,"ASN 13023"
2a0b:2bc1:2e00::/41,"ASN 13023"
2a0b:2bc1:2e80::/42,"ASN 13023"
2a0b:2bc1:2ec0::/43,"ASN 13023"
2a0b:2bc1:2ee0::/45,"ASN 13023"
2a0b:2bc1:2ee9::/48,"ASN 13023"
2a0b:2bc1:2eea::/47,"ASN 13023"
2a0b:2bc1:2eec::/46,"ASN 13023"
2a0b:2bc1:2ef0::/44,"ASN 13023"
2a0b:2bc1:2f00::/42,"ASN 13023"
2a0b:2bc1:2f40::/43,"ASN 13023"
2a0b:2bc1:2f60::/48,"ASN 13023"
2a0b:2bc1:2f62::/47,"ASN 13023"
2a0b:2bc1:2f64::/46,"ASN 13023"
2a0b:2bc1:2f68::/45,"ASN 13023"
2a0b:2bc1:2f70::/44,"ASN 13023"
2a0b:2bc1:2f80::/41,"ASN 13023"
2a0b:2bc1:3000::/41,"ASN 13023"
2a0b:2bc1:3080::/42,"ASN 13023"
2a0b:2bc1:30c0::/44,"ASN 13023"
2a0b:2bc1:30d0::/46,"ASN 13023"
2a0b:2bc1:30d4::/48,"ASN 13023"
2a0b:2bc1:30d6::/47,"ASN 13023"
2a0b:2bc1:30d8::/45,"ASN 13023"
2a0b:2bc1:30e0::/47,"ASN 13023"
2a0b:2bc1:30e2::/48,"ASN 13023"
2a0b:2bc1:30e4::/46,"ASN 13023"
2a0b:2bc1:30e8::/45,"ASN 13023"
2a0b:2bc1:30f0::/46,"ASN 13023"
2a0b:2bc1:30f5::/48,"ASN 13023"
2a0b:2bc1:30f6::/47,"ASN 13023"
2a0b:2bc1:30f8::/45,"ASN 13023"
2a0b:2bc1:3100::/42,"ASN 13023"
2a0b:2bc1:3140::/43,"ASN 13023"
2a0b:2bc1:3160::/46,"ASN 13023"
2a0b:2bc1:3164::/48,"ASN 13023"
2a0b:2bc1:3166::/47,"ASN 13023"
2a0b:2bc1:3168::/45,"ASN 13023"
2a0b:2bc1:3170::/44,"ASN 13023"
2a0b:2bc1:3180::/43,"ASN 13023"
2a0b:2bc1:31a0::/45,"ASN 13023"
2a0b:2bc1:31a8::/48,"ASN 13023"
2a0b:2bc1:31aa::/47,"ASN 13023"
2a0b:2bc1:31ac::/46,"ASN 13023"
2a0b:2bc1:31b0::/47,"ASN 13023"
2a0b:2bc1:31b2::/48,"ASN 13023"
2a0b:2bc1:31b4::/46,"ASN 13023"
2a0b:2bc1:31b8::/45,"ASN 13023"
2a0b:2bc1:31c0::/42,"ASN 13023"
2a0b:2bc1:3200::/44,"ASN 13023"
2a0b:2bc1:3210::/45,"ASN 13023"
2a0b:2bc1:3219::/48,"ASN 13023"
2a0b:2bc1:321a::/47,"ASN 13023"
2a0b:2bc1:321c::/46,"ASN 13023"
2a0b:2bc1:3220::/43,"ASN 13023"
2a0b:2bc1:3240::/48,"ASN 13023"
2a0b:2bc1:3242::/47,"ASN 13023"
2a0b:2bc1:3244::/46,"ASN 13023"
2a0b:2bc1:3248::/45,"ASN 13023"
2a0b:2bc1:3250::/44,"ASN 13023"
2a0b:2bc1:3260::/43,"ASN 13023"
2a0b:2bc1:3280::/42,"ASN 13023"
2a0b:2bc1:32c0::/43,"ASN 13023"
2a0b:2bc1:32e0::/44,"ASN 13023"
2a0b:2bc1:32f0::/45,"ASN 13023"
2a0b:2bc1:32f8::/47,"ASN 13023"
2a0b:2bc1:32fb::/48,"ASN 13023"
2a0b:2bc1:32fc::/46,"ASN 13023"
2a0b:2bc1:3300::/41,"ASN 13023"
2a0b:2bc1:3380::/44,"ASN 13023"
2a0b:2bc1:3390::/46,"ASN 13023"
2a0b:2bc1:3395::/48,"ASN 13023"
2a0b:2bc1:3396::/47,"ASN 13023"
2a0b:2bc1:3398::/45,"ASN 13023"
2a0b:2bc1:33a0::/43,"ASN 13023"
2a0b:2bc1:33c0::/42,"ASN 13023"
2a0b:2bc1:3400::/41,"ASN 13023"
2a0b:2bc1:3480::/42,"ASN 13023"
2a0b:2bc1:34c0::/43,"ASN 13023"
2a0b:2bc1:34e0::/44,"ASN 13023"
2a0b:2bc1:34f0::/46,"ASN 13023"
2a0b:2bc1:34f4::/47,"ASN 13023"
2a0b:2bc1:34f7::/48,"ASN 13023"
2a0b:2bc1:34f8::/45,"ASN 13023"
2a0b:2bc1:3500::/40,"ASN 13023"
2a0b:2bc1:3600::/39,"ASN 13023"
2a0b:2bc1:3800::/37,"ASN 13023"
2a0b:2bc1:4000::/34,"ASN 13023"
2a0b:2bc1:8000::/33,"ASN 13023"
2a0b:2bc2::/32,"ASN 13023"
2a0b:2bc3::/36,"ASN 13023"
2a0b:2bc3:1000::/42,"ASN 13023"
2a0b:2bc3:1040::/43,"ASN 13023"
2a0b:2bc3:1060::/44,"ASN 13023"
2a0b:2bc3:1070::/45,"ASN 13023"
2a0b:2bc3:1079::/48,"ASN 13023"
2a0b:2bc3:107a::/47,"ASN 13023"
2a0b:2bc3:107c::/46,"ASN 13023"
2a0b:2bc3:1080::/41,"ASN 13023"
2a0b:2bc3:1100::/42,"ASN 13023"
2a0b:2bc3:1140::/44,"ASN 13023"
2a0b:2bc3:1150::/45,"ASN 13023"
2a0b:2bc3:1158::/47,"ASN 13023"
2a0b:2bc3:115a::/48,"ASN 13023"
2a0b:2bc3:115c::/46,"ASN 13023"
2a0b:2bc3:1160::/44,"ASN 13023"
2a0b:2bc3:1170::/48,"ASN 13023"
2a0b:2bc3:1172::/47,"ASN 13023"
2a0b:2bc3:1174::/46,"ASN 13023"
2a0b:2bc3:1178::/45,"ASN 13023"
2a0b:2bc3:1180::/42,"ASN 13023"
2a0b:2bc3:11c0::/46,"ASN 13023"
2a0b:2bc3:11c4::/47,"ASN 13023"
2a0b:2bc3:11c6::/48,"ASN 13023"
2a0b:2bc3:11c8::/45,"ASN 13023"
2a0b:2bc3:11d0::/44,"ASN 13023"
2a0b:2bc3:11e0::/45,"ASN 13023"
2a0b:2bc3:11e8::/48,"ASN 13023"
2a0b:2bc3:11ea::/47,"ASN 13023"
2a0b:2bc3:11ec::/46,"ASN 13023"
2a0b:2bc3:11f0::/44,"ASN 13023"
2a0b:2bc3:1200::/39,"ASN 13023"
2a0b:2bc3:1400::/39,"ASN 13023"
2a0b:2bc3:1600::/41,"ASN 13023"
2a0b:2bc3:1680::/43,"ASN 13023"
2a0b:2bc3:16a0::/45,"ASN 13023"
2a0b:2bc3:16a9::/48,"ASN 13023"
2a0b:2bc3:16aa::/47,"ASN 13023"
2a0b:2bc3:16ac::/46,"ASN 13023"
2a0b:2bc3:16b0::/44,"ASN 13023"
2a0b:2bc3:16c0::/43,"ASN 13023"
2a0b:2bc3:16e0::/46,"ASN 13023"
2a0b:2bc3:16e4::/47,"ASN 13023"
2a0b:2bc3:16e7::/48,"ASN 13023"
2a0b:2bc3:16e8::/45,"ASN 13023"
2a0b:2bc3:16f0::/46,"ASN 13023"
2a0b:2bc3:16f5::/48,"ASN 13023"
2a0b:2bc3:16f6::/47,"ASN 13023"
2a0b:2bc3:16f8::/48,"ASN 13023"
2a0b:2bc3:16fb::/48,"ASN 13023"
2a0b:2bc3:16fc::/47,"ASN 13023"
2a0b:2bc3:16fe::/48,"ASN 13023"
2a0b:2bc3:1701::/48,"ASN 13023"
2a0b:2bc3:1702::/47,"ASN 13023"
2a0b:2bc3:1704::/46,"ASN 13023"
2a0b:2bc3:1708::/45,"ASN 13023"
2a0b:2bc3:1710::/44,"ASN 13023"
2a0b:2bc3:1720::/43,"ASN 13023"
2a0b:2bc3:1740::/42,"ASN 13023"
2a0b:2bc3:1780::/41,"ASN 13023"
2a0b:2bc3:1800::/42,"ASN 13023"
2a0b:2bc3:1840::/44,"ASN 13023"
2a0b:2bc3:1850::/45,"ASN 13023"
2a0b:2bc3:1858::/46,"ASN 13023"
2a0b:2bc3:185d::/48,"ASN 13023"
2a0b:2bc3:185e::/47,"ASN 13023"
2a0b:2bc3:1860::/43,"ASN 13023"
2a0b:2bc3:1880::/43,"ASN 13023"
2a0b:2bc3:18a0::/46,"ASN 13023"
2a0b:2bc3:18a4::/48,"ASN 13023"
2a0b:2bc3:18a6::/47,"ASN 13023"
2a0b:2bc3:18a8::/46,"ASN 13023"
2a0b:2bc3:18ac::/47,"ASN 13023"
2a0b:2bc3:18ae::/48,"ASN 13023"
2a0b:2bc3:18b0::/44,"ASN 13023"
2a0b:2bc3:18c0::/42,"ASN 13023"
2a0b:2bc3:1900::/40,"ASN 13023"
2a0b:2bc3:1a00::/39,"ASN 13023"
2a0b:2bc3:1c00::/38,"ASN 13023"
2a0b:2bc3:2000::/37,"ASN 13023"
2a0b:2bc3:2800::/40,"ASN 13023"
2a0b:2bc3:2900::/42,"ASN 13023"
2a0b:2bc3:2940::/43,"ASN 13023"
2a0b:2bc3:2960::/46,"ASN 13023"
2a0b:2bc3:2965::/48,"ASN 13023"
2a0b:2bc3:2966::/47,"ASN 13023"
2a0b:2bc3:2968::/45,"ASN 13023"
2a0b:2bc3:2970::/44,"ASN 13023"
2a0b:2bc3:2980::/41,"ASN 13023"
2a0b:2bc3:2a00::/47,"ASN 13023"
2a0b:2bc3:2a02::/48,"ASN 13023"
2a0b:2bc3:2a04::/46,"ASN 13023"
2a0b:2bc3:2a08::/45,"ASN 13023"
2a0b:2bc3:2a10::/44,"ASN 13023"
2a0b:2bc3:2a20::/43,"ASN 13023"
2a0b:2bc3:2a40::/42,"ASN 13023"
2a0b:2bc3:2a80::/41,"ASN 13023"
2a0b:2bc3:2b00::/40,"ASN 13023"
2a0b:2bc3:2c00::/39,"ASN 13023"
2a0b:2bc3:2e00::/40,"ASN 13023"
2a0b:2bc3:2f00::/41,"ASN 13023"
2a0b:2bc3:2f80::/43,"ASN 13023"
2a0b:2bc3:2fa0::/45,"ASN 13023"
2a0b:2bc3:2fa9::/48,"ASN 13023"
2a0b:2bc3:2faa::/47,"ASN 13023"
2a0b:2bc3:2fac::/46,"ASN 13023"
2a0b:2bc3:2fb0::/44,"ASN 13023"
2a0b:2bc3:2fc0::/42,"ASN 13023"
2a0b:2bc3:3000::/36,"ASN 13023"
2a0b:2bc3:4000::/34,"ASN 13023"
2a0b:2bc3:8000::/33,"ASN 13023"
2a0b:2bc4::/32,"ASN 13023"
2a0b:2bc5::/36,"ASN 13023"
2a0b:2bc5:1000::/40,"ASN 13023"
2a0b:2bc5:1100::/44,"ASN 13023"
2a0b:2bc5:1110::/45,"ASN 13023"
2a0b:2bc5:1118::/46,"ASN 13023"
2a0b:2bc5:111c::/48,"ASN 13023"
2a0b:2bc5:111e::/47,"ASN 13023"
2a0b:2bc5:1120::/43,"ASN 13023"
2a0b:2bc5:1140::/42,"ASN 13023"
2a0b:2bc5:1180::/41,"ASN 13023"
2a0b:2bc5:1200::/39,"ASN 13023"
2a0b:2bc5:1400::/41,"ASN 13023"
2a0b:2bc5:1480::/42,"ASN 13023"
2a0b:2bc5:14c0::/43,"ASN 13023"
2a0b:2bc5:14e0::/44,"ASN 13023"
2a0b:2bc5:14f0::/45,"ASN 13023"
2a0b:2bc5:14f8::/46,"ASN 13023"
2a0b:2bc5:14fc::/48,"ASN 13023"
2a0b:2bc5:14fe::/47,"ASN 13023"
2a0b:2bc5:1500::/40,"ASN 13023"
2a0b:2bc5:1600::/39,"ASN 13023"
2a0b:2bc5:1800::/39,"ASN 13023"
2a0b:2bc5:1a00::/40,"ASN 13023"
2a0b:2bc5:1b00::/45,"ASN 13023"
2a0b:2bc5:1b09::/48,"ASN 13023"
2a0b:2bc5:1b0a::/47,"ASN 13023"
2a0b:2bc5:1b0c::/46,"ASN 13023"
2a0b:2bc5:1b10::/44,"ASN 13023"
2a0b:2bc5:1b20::/43,"ASN 13023"
2a0b:2bc5:1b40::/42,"ASN 13023"
2a0b:2bc5:1b80::/42,"ASN 13023"
2a0b:2bc5:1bc0::/43,"ASN 13023"
2a0b:2bc5:1be0::/45,"ASN 13023"
2a0b:2bc5:1be8::/46,"ASN 13023"
2a0b:2bc5:1bec::/47,"ASN 13023"
2a0b:2bc5:1bef::/48,"ASN 13023"
2a0b:2bc5:1bf0::/44,"ASN 13023"
2a0b:2bc5:1c00::/43,"ASN 13023"
2a0b:2bc5:1c20::/44,"ASN 13023"
2a0b:2bc5:1c30::/47,"ASN 13023"
2a0b:2bc5:1c32::/48,"ASN 13023"
2a0b:2bc5:1c34::/46,"ASN 13023"
2a0b:2bc5:1c38::/45,"ASN 13023"
2a0b:2bc5:1c40::/42,"ASN 13023"
2a0b:2bc5:1c80::/42,"ASN 13023"
2a0b:2bc5:1cc0::/43,"ASN 13023"
2a0b:2bc5:1ce0::/45,"ASN 13023"
2a0b:2bc5:1ce8::/48,"ASN 13023"
2a0b:2bc5:1cea::/47,"ASN 13023"
2a0b:2bc5:1cec::/46,"ASN 13023"
2a0b:2bc5:1cf0::/46,"ASN 13023"
2a0b:2bc5:1cf4::/48,"ASN 13023"
2a0b:2bc5:1cf6::/47,"ASN 13023"
2a0b:2bc5:1cf8::/46,"ASN 13023"
2a0b:2bc5:1cfd::/48,"ASN 13023"
2a0b:2bc5:1cfe::/47,"ASN 13023"
2a0b:2bc5:1d00::/41,"ASN 13023"
2a0b:2bc5:1d80::/42,"ASN 13023"
2a0b:2bc5:1dc0::/44,"ASN 13023"
2a0b:2bc5:1dd0::/45,"ASN 13023"
2a0b:2bc5:1dd8::/47,"ASN 13023"
2a0b:2bc5:1ddb::/48,"ASN 13023"
2a0b:2bc5:1ddc::/46,"ASN 13023"
2a0b:2bc5:1de0::/43,"ASN 13023"
2a0b:2bc5:1e00::/40,"ASN 13023"
2a0b:2bc5:1f00::/43,"ASN 13023"
2a0b:2bc5:1f20::/44,"ASN 13023"
2a0b:2bc5:1f31::/48,"ASN 13023"
2a0b:2bc5:1f32::/47,"ASN 13023"
2a0b:2bc5:1f34::/46,"ASN 13023"
2a0b:2bc5:1f38::/45,"ASN 13023"
2a0b:2bc5:1f40::/42,"ASN 13023"
2a0b:2bc5:1f80::/42,"ASN 13023"
2a0b:2bc5:1fc0::/43,"ASN 13023"
2a0b:2bc5:1fe0::/47,"ASN 13023"
2a0b:2bc5:1fe3::/48,"ASN 13023"
2a0b:2bc5:1fe4::/46,"ASN 13023"
2a0b:2bc5:1fe8::/45,"ASN 13023"
2a0b:2bc5:1ff0::/44,"ASN 13023"
2a0b:2bc5:2000::/46,"ASN 13023"
2a0b:2bc5:2004::/47,"ASN 13023"
2a0b:2bc5:2006::/48,"ASN 13023"
2a0b:2bc5:2008::/45,"ASN 13023"
2a0b:2bc5:2010::/44,"ASN 13023"
2a0b:2bc5:2020::/43,"ASN 13023"
2a0b:2bc5:2040::/42,"ASN 13023"
2a0b:2bc5:2080::/41,"ASN 13023"
2a0b:2bc5:2100::/40,"ASN 13023"
2a0b:2bc5:2200::/39,"ASN 13023"
2a0b:2bc5:2400::/38,"ASN 13023"
2a0b:2bc5:2800::/38,"ASN 13023"
2a0b:2bc5:2c00::/41,"ASN 13023"
2a0b:2bc5:2c81::/48,"ASN 13023"
2a0b:2bc5:2c82::/47,"ASN 13023"
2a0b:2bc5:2c84::/46,"ASN 13023"
2a0b:2bc5:2c88::/45,"ASN 13023"
2a0b:2bc5:2c90::/44,"ASN 13023"
2a0b:2bc5:2ca0::/43,"ASN 13023"
2a0b:2bc5:2cc0::/42,"ASN 13023"
2a0b:2bc5:2d00::/40,"ASN 13023"
2a0b:2bc5:2e00::/39,"ASN 13023"
2a0b:2bc5:3000::/40,"ASN 13023"
2a0b:2bc5:3100::/42,"ASN 13023"
2a0b:2bc5:3140::/44,"ASN 13023"
2a0b:2bc5:3150::/46,"ASN 13023"
2a0b:2bc5:3155::/48,"ASN 13023"
2a0b:2bc5:3156::/47,"ASN 13023"
2a0b:2bc5:3158::/45,"ASN 13023"
2a0b:2bc5:3160::/43,"ASN 13023"
2a0b:2bc5:3180::/41,"ASN 13023"
2a0b:2bc5:3200::/39,"ASN 13023"
2a0b:2bc5:3400::/38,"ASN 13023"
2a0b:2bc5:3800::/37,"ASN 13023"
2a0b:2bc5:4000::/34,"ASN 13023"
2a0b:2bc5:8000::/33,"ASN 13023"
2a0b:2bc6::/31,"ASN 13023"
